{
  "project_info": {
    "project_number": "994724557665",
    "project_id": "deliverrr-8833a",
    "storage_bucket": "deliverrr-8833a.appspot.com"
  },
  "client": [
    {
      "client_info": {
        "mobilesdk_app_id": "1:994724557665:android:25a8e000342e56ea850b20",
        "android_client_info": {
          "package_name": "com.appzler.deliverzler"
        }
      },
      "oauth_client": [],
      "api_key": [
        {
          "current_key": "AIzaSyA3DR9g7ePaA-PMm2Yn6XteV-11ihPiWOA"
        }
      ],
      "services": {
        "appinvite_service": {
          "other_platform_oauth_client": []
        }
      }
    },
    {
      "client_info": {
        "mobilesdk_app_id": "1:994724557665:android:ae906c1f0a247845850b20",
        "android_client_info": {
          "package_name": "com.jagoflutter.flutter_food_delivery_resto_app"
        }
      },
      "oauth_client": [],
      "api_key": [
        {
          "current_key": "AIzaSyA3DR9g7ePaA-PMm2Yn6XteV-11ihPiWOA"
        }
      ],
      "services": {
        "appinvite_service": {
          "other_platform_oauth_client": []
        }
      }
    },
    {
      "client_info": {
        "mobilesdk_app_id": "1:994724557665:android:0cbe32a06a41f6f0850b20",
        "android_client_info": {
          "package_name": "com.jagoflutter.flutter_food_delivery_user_app"
        }
      },
      "oauth_client": [],
      "api_key": [
        {
          "current_key": "AIzaSyA3DR9g7ePaA-PMm2Yn6XteV-11ihPiWOA"
        }
      ],
      "services": {
        "appinvite_service": {
          "other_platform_oauth_client": []
        }
      }
    }
  ],
  "configuration_version": "1"
}