{"flutter":{"platforms":{"android":{"default":{"projectId":"deliverrr-8833a","appId":"1:994724557665:android:0cbe32a06a41f6f0850b20","fileOutput":"android/app/google-services.json"}},"ios":{"default":{"projectId":"deliverrr-8833a","appId":"1:994724557665:ios:ff294bc4679f36a6850b20","uploadDebugSymbols":false,"fileOutput":"ios/Runner/GoogleService-Info.plist"}},"dart":{"lib/firebase_options.dart":{"projectId":"deliverrr-8833a","configurations":{"android":"1:994724557665:android:0cbe32a06a41f6f0850b20","ios":"1:994724557665:ios:ff294bc4679f36a6850b20","web":"1:994724557665:web:6cfd5f69dce99a95850b20"}}}}}}